/*初始化机构*/
CREATE TABLE T_B_ORG (
  ORG_ID   VARCHAR2(16) PRIMARY KEY,
  NAME     NVARCHAR2(32),
  ORG_LEV  NUMBER(2),
  P_ORG_ID VARCHAR2(16)
);
INSERT INTO T_B_ORG (ORG_ID, NAME, ORG_LEV, P_ORG_ID) VALUES ('000', '总行', 0, '');
INSERT INTO T_B_ORG (ORG_ID, NAME, ORG_LEV, P_ORG_ID) VALUES ('00011', '北京分行', 1, '000');
INSERT INTO T_B_ORG (ORG_ID, NAME, ORG_LEV, P_ORG_ID) VALUES ('00022', '长春分行', 1, '000');

/*初始化应用分组*/
CREATE SEQUENCE SEQ_T_APP_GROUP START WITH 1 INCREMENT BY 1;
CREATE TABLE T_APP_GROUP (
  APP_GROUP_ID     NUMBER(16) PRIMARY KEY,
  APP_GROUP_NAME   VARCHAR2(60),
  IS_DEFAULT_GROUP VARCHAR2(1),
  ORG_ID           VARCHAR2(32),
  ORG_TYPE         CHAR(1)
);
INSERT INTO T_APP_GROUP (APP_GROUP_ID, APP_GROUP_NAME, IS_DEFAULT_GROUP, ORG_ID, ORG_TYPE)
VALUES (SEQ_T_APP_GROUP.nextval, '总行默认分组', '0', '000', '2');
INSERT INTO T_APP_GROUP (APP_GROUP_ID, APP_GROUP_NAME, IS_DEFAULT_GROUP, ORG_ID, ORG_TYPE)
VALUES (SEQ_T_APP_GROUP.nextval, '北京分行默认分组', '0', '00011', '2');
INSERT INTO T_APP_GROUP (APP_GROUP_ID, APP_GROUP_NAME, IS_DEFAULT_GROUP, ORG_ID, ORG_TYPE)
VALUES (SEQ_T_APP_GROUP.nextval, '长春分行默认分组', '0', '00022', '2');
INSERT INTO T_APP_GROUP (APP_GROUP_ID, APP_GROUP_NAME, IS_DEFAULT_GROUP, ORG_ID, ORG_TYPE)
VALUES (SEQ_T_APP_GROUP.nextval, '北京分行分组', '1', '00011', '2');
INSERT INTO T_APP_GROUP (APP_GROUP_ID, APP_GROUP_NAME, IS_DEFAULT_GROUP, ORG_ID, ORG_TYPE)
VALUES (SEQ_T_APP_GROUP.nextval, '长春分行分组', '1', '00022', '2');

/*初始化最新文件列表*/
CREATE SEQUENCE SEQ_T_APP_FILE_LATEST START WITH 1 INCREMENT BY 1;
CREATE TABLE T_APP_FILE_LATEST (
  APP_FILE_LATEST_ID NUMBER(16) PRIMARY KEY,
  APP_NAME           VARCHAR2(255),
  APP_PACKAGE_NAME   VARCHAR2(255),
  ORG_ID             VARCHAR2(32),
  ORG_TYPE           CHAR(1),
  FILE_LENGTH        NUMBER(10)
);
INSERT INTO T_APP_FILE_LATEST (APP_FILE_LATEST_ID, APP_NAME, APP_PACKAGE_NAME, ORG_ID, ORG_TYPE, FILE_LENGTH)
VALUES (SEQ_T_APP_FILE_LATEST.nextval, 'QQ', 'QQ.COM', '000', '2', 1024);
INSERT INTO T_APP_FILE_LATEST (APP_FILE_LATEST_ID, APP_NAME, APP_PACKAGE_NAME, ORG_ID, ORG_TYPE, FILE_LENGTH)
VALUES (SEQ_T_APP_FILE_LATEST.nextval, 'qq1', 'qq1.com', '00011', '2', 1024);
INSERT INTO T_APP_FILE_LATEST (APP_FILE_LATEST_ID, APP_NAME, APP_PACKAGE_NAME, ORG_ID, ORG_TYPE, FILE_LENGTH)
VALUES (SEQ_T_APP_FILE_LATEST.nextval, 'qq2', 'qq2.COM', '00022', '2', 1024);

/*初始化用户*/
CREATE TABLE T_P_SHIRO_USER (
  USER_ID     VARCHAR2(15) PRIMARY KEY,
  USER_GRP_ID NUMBER(15),
  LOGIN_NAME  VARCHAR2(32),
  PWD         VARCHAR2(32)
);
INSERT INTO T_P_SHIRO_USER (USER_ID, USER_GRP_ID, LOGIN_NAME, PWD)
VALUES ('1', '1', 'admin', '96E79218965EB72C92A549DD5A330112');
INSERT INTO T_P_SHIRO_USER (USER_ID, USER_GRP_ID, LOGIN_NAME, PWD)
VALUES ('2', '2', 'bjAdmin', '96E79218965EB72C92A549DD5A330112');


/*初始化用户扩展*/
CREATE TABLE T_P_SHIRO_USER_EXT (
  USER_ID                     VARCHAR2(15) PRIMARY KEY,
  ORG_ID                      VARCHAR2(16),
  STAFF_ID                    INTEGER,
  LAST_LOGIN_IP_ADDR          VARCHAR2(15),
  LAST_LOGIN_DATE_TIME        CHAR(14),
  LAST_LOGOUT_DATE_TIME       CHAR(14),
  LOGIN_CNT                   INTEGER,
  LAST_CHG_PWD_DATE_TIME      CHAR(14),
  CREATE_DATE_TIME            CHAR(14),
  CREATE_USER_ID              INTEGER,
  STATUS                      CHAR(1),
  LOGIN_FAILED_CNT            INTEGER,
  LAST_LOGIN_FAILED_DATE_TIME CHAR(14)
);
INSERT INTO T_P_SHIRO_USER_EXT (USER_ID, ORG_ID, STAFF_ID, LAST_LOGIN_IP_ADDR, LAST_LOGIN_DATE_TIME, LAST_LOGOUT_DATE_TIME, LOGIN_CNT, LAST_CHG_PWD_DATE_TIME,
                                CREATE_DATE_TIME, CREATE_USER_ID, STATUS, LOGIN_FAILED_CNT, LAST_LOGIN_FAILED_DATE_TIME)
VALUES
  ('1', '000', '1', '127.0.0.1', '20160303120000', '20160303120000', '3', '20160303120000', '20160303120000', '1', '1',
   '0', '20160303120000');
INSERT INTO T_P_SHIRO_USER_EXT (USER_ID, ORG_ID, STAFF_ID, LAST_LOGIN_IP_ADDR, LAST_LOGIN_DATE_TIME, LAST_LOGOUT_DATE_TIME, LOGIN_CNT, LAST_CHG_PWD_DATE_TIME,
                                CREATE_DATE_TIME, CREATE_USER_ID, STATUS, LOGIN_FAILED_CNT, LAST_LOGIN_FAILED_DATE_TIME)
VALUES
  ('2', '00011', '1', '127.0.0.1', '20160303120000', '20160303120000', '3', '20160303120000', '20160303120000', '1',
        '1', '0', '20160303120000');

/*初始化用户分组*/
CREATE TABLE T_P_SHIRO_USER_GRP (
  USER_GRP_ID NUMBER(15) PRIMARY KEY,
  NAME        NVARCHAR2(64)
);
INSERT INTO T_P_SHIRO_USER_GRP (USER_GRP_ID, `NAME`) VALUES ('1', 'no1');
INSERT INTO T_P_SHIRO_USER_GRP (USER_GRP_ID, `NAME`) VALUES ('2', 'bjgl');

/*初始化角色*/
CREATE TABLE T_P_SHIRO_ROLE (
  ROLE_ID   NUMBER(15) PRIMARY KEY,
  ROLE_NAME NVARCHAR2(64),
  DSC       NVARCHAR2(64)
);
INSERT INTO T_P_SHIRO_ROLE (ROLE_ID, ROLE_NAME, DSC) VALUES ('1', 'role1', '');
INSERT INTO T_P_SHIRO_ROLE (ROLE_ID, ROLE_NAME, DSC) VALUES ('2', 'role2', '');
INSERT INTO T_P_SHIRO_ROLE (ROLE_ID, ROLE_NAME, DSC) VALUES ('3', 'role3', '');
INSERT INTO T_P_SHIRO_ROLE (ROLE_ID, ROLE_NAME, DSC) VALUES ('4', 'role4', '');
INSERT INTO T_P_SHIRO_ROLE (ROLE_ID, ROLE_NAME, DSC) VALUES ('5', 'role5', '');
INSERT INTO T_P_SHIRO_ROLE (ROLE_ID, ROLE_NAME, DSC) VALUES ('6', 'role6', '');
INSERT INTO T_P_SHIRO_ROLE (ROLE_ID, ROLE_NAME, DSC) VALUES ('7', 'role7', '');
INSERT INTO T_P_SHIRO_ROLE (ROLE_ID, ROLE_NAME, DSC) VALUES ('8', 'role8', '');
INSERT INTO T_P_SHIRO_ROLE (ROLE_ID, ROLE_NAME, DSC) VALUES ('9', 'role9', '');
INSERT INTO T_P_SHIRO_ROLE (ROLE_ID, ROLE_NAME, DSC) VALUES ('10', 'role10', '');
INSERT INTO T_P_SHIRO_ROLE (ROLE_ID, ROLE_NAME, DSC) VALUES ('11', 'role11', '');
INSERT INTO T_P_SHIRO_ROLE (ROLE_ID, ROLE_NAME, DSC) VALUES ('12', 'role12', '');
INSERT INTO T_P_SHIRO_ROLE (ROLE_ID, ROLE_NAME, DSC) VALUES ('13', 'role13', '');
INSERT INTO T_P_SHIRO_ROLE (ROLE_ID, ROLE_NAME, DSC) VALUES ('14', 'role14', '');
INSERT INTO T_P_SHIRO_ROLE (ROLE_ID, ROLE_NAME, DSC) VALUES ('15', 'role15', '');
INSERT INTO T_P_SHIRO_ROLE (ROLE_ID, ROLE_NAME, DSC) VALUES ('16', 'role16', '');

/*初始化用户分组角色关联*/
CREATE TABLE T_P_SHIRO_USER_GRP_ROLE_IDX (
  USER_GRP_ID NUMBER(15),
  ROLE_ID     NUMBER(15)
);
INSERT INTO T_P_SHIRO_USER_GRP_ROLE_IDX (USER_GRP_ID, ROLE_ID) VALUES ('1', '1');
INSERT INTO T_P_SHIRO_USER_GRP_ROLE_IDX (USER_GRP_ID, ROLE_ID) VALUES ('1', '2');
INSERT INTO T_P_SHIRO_USER_GRP_ROLE_IDX (USER_GRP_ID, ROLE_ID) VALUES ('1', '3');
INSERT INTO T_P_SHIRO_USER_GRP_ROLE_IDX (USER_GRP_ID, ROLE_ID) VALUES ('1', '4');
INSERT INTO T_P_SHIRO_USER_GRP_ROLE_IDX (USER_GRP_ID, ROLE_ID) VALUES ('1', '5');
INSERT INTO T_P_SHIRO_USER_GRP_ROLE_IDX (USER_GRP_ID, ROLE_ID) VALUES ('1', '6');
INSERT INTO T_P_SHIRO_USER_GRP_ROLE_IDX (USER_GRP_ID, ROLE_ID) VALUES ('1', '10');
INSERT INTO T_P_SHIRO_USER_GRP_ROLE_IDX (USER_GRP_ID, ROLE_ID) VALUES ('1', '11');
INSERT INTO T_P_SHIRO_USER_GRP_ROLE_IDX (USER_GRP_ID, ROLE_ID) VALUES ('1', '12');
INSERT INTO T_P_SHIRO_USER_GRP_ROLE_IDX (USER_GRP_ID, ROLE_ID) VALUES ('1', '13');

INSERT INTO T_P_SHIRO_USER_GRP_ROLE_IDX (USER_GRP_ID, ROLE_ID) VALUES ('2', '1');
INSERT INTO T_P_SHIRO_USER_GRP_ROLE_IDX (USER_GRP_ID, ROLE_ID) VALUES ('2', '4');
INSERT INTO T_P_SHIRO_USER_GRP_ROLE_IDX (USER_GRP_ID, ROLE_ID) VALUES ('2', '7');
INSERT INTO T_P_SHIRO_USER_GRP_ROLE_IDX (USER_GRP_ID, ROLE_ID) VALUES ('2', '8');
INSERT INTO T_P_SHIRO_USER_GRP_ROLE_IDX (USER_GRP_ID, ROLE_ID) VALUES ('2', '9');
INSERT INTO T_P_SHIRO_USER_GRP_ROLE_IDX (USER_GRP_ID, ROLE_ID) VALUES ('2', '10');
INSERT INTO T_P_SHIRO_USER_GRP_ROLE_IDX (USER_GRP_ID, ROLE_ID) VALUES ('2', '11');
INSERT INTO T_P_SHIRO_USER_GRP_ROLE_IDX (USER_GRP_ID, ROLE_ID) VALUES ('2', '12');
INSERT INTO T_P_SHIRO_USER_GRP_ROLE_IDX (USER_GRP_ID, ROLE_ID) VALUES ('2', '14');
INSERT INTO T_P_SHIRO_USER_GRP_ROLE_IDX (USER_GRP_ID, ROLE_ID) VALUES ('2', '15');
INSERT INTO T_P_SHIRO_USER_GRP_ROLE_IDX (USER_GRP_ID, ROLE_ID) VALUES ('2', '16');

/*初始化角色（智能pos的）*/
CREATE TABLE T_ROLE (
  ORG_TYPE      CHAR(1)       NOT NULL,
  SYS_ROLE_NAME VARCHAR2(128) NOT NULL,
  ROLE_NAME     VARCHAR2(128) NOT NULL
);

INSERT INTO T_ROLE (ORG_TYPE, SYS_ROLE_NAME, ROLE_NAME) VALUES ('2', 'role1', 'FirmMagRole');
INSERT INTO T_ROLE (ORG_TYPE, SYS_ROLE_NAME, ROLE_NAME) VALUES ('2', 'role2', 'FirmCreateRole');
INSERT INTO T_ROLE (ORG_TYPE, SYS_ROLE_NAME, ROLE_NAME) VALUES ('2', 'role3', 'FirmUpdateRole');
INSERT INTO T_ROLE (ORG_TYPE, SYS_ROLE_NAME, ROLE_NAME) VALUES ('2', 'role4', 'ProductMagRole');
INSERT INTO T_ROLE (ORG_TYPE, SYS_ROLE_NAME, ROLE_NAME) VALUES ('2', 'role5', 'ProductCreateRole');
INSERT INTO T_ROLE (ORG_TYPE, SYS_ROLE_NAME, ROLE_NAME) VALUES ('2', 'role6', 'ProductUpdateRole');
INSERT INTO T_ROLE (ORG_TYPE, SYS_ROLE_NAME, ROLE_NAME) VALUES ('2', 'role7', 'DeviceMagRole');
INSERT INTO T_ROLE (ORG_TYPE, SYS_ROLE_NAME, ROLE_NAME) VALUES ('2', 'role8', 'TermSnMagRole');
INSERT INTO T_ROLE (ORG_TYPE, SYS_ROLE_NAME, ROLE_NAME) VALUES ('2', 'role9', 'MPosMagRole');
INSERT INTO T_ROLE (ORG_TYPE, SYS_ROLE_NAME, ROLE_NAME) VALUES ('2', 'role10', 'AppMagRole');
INSERT INTO T_ROLE (ORG_TYPE, SYS_ROLE_NAME, ROLE_NAME) VALUES ('2', 'role11', 'AppGroupMagRole');
INSERT INTO T_ROLE (ORG_TYPE, SYS_ROLE_NAME, ROLE_NAME) VALUES ('2', 'role12', 'DeviceParamMagRole');
INSERT INTO T_ROLE (ORG_TYPE, SYS_ROLE_NAME, ROLE_NAME) VALUES ('2', 'role13', 'OtaMagRole');
INSERT INTO T_ROLE (ORG_TYPE, SYS_ROLE_NAME, ROLE_NAME) VALUES ('2', 'role14', 'AppGroupCreateRole');
INSERT INTO T_ROLE (ORG_TYPE, SYS_ROLE_NAME, ROLE_NAME) VALUES ('2', 'role15', 'GroupReDeviceRole');
INSERT INTO T_ROLE (ORG_TYPE, SYS_ROLE_NAME, ROLE_NAME) VALUES ('2', 'role16', 'DeviceParamMagRole');

-- 测试的厂商
CREATE TABLE T_FIRM (
  FIRM_NAME CHAR(4) NOT NULL,
  FIRM_CODE CHAR(4) NOT NULL
);
INSERT INTO T_FIRM (FIRM_NAME, FIRM_CODE) VALUES ('AAAA', 'AAAA');
INSERT INTO T_FIRM (FIRM_NAME, FIRM_CODE) VALUES ('AAAB', 'AAAB');
INSERT INTO T_FIRM (FIRM_NAME, FIRM_CODE) VALUES ('AAAC', 'AAAC');
INSERT INTO T_FIRM (FIRM_NAME, FIRM_CODE) VALUES ('AAAD', 'AAAD');
INSERT INTO T_FIRM (FIRM_NAME, FIRM_CODE) VALUES ('AAAE', 'AAAE');
INSERT INTO T_FIRM (FIRM_NAME, FIRM_CODE) VALUES ('AAAF', 'AAAF');
INSERT INTO T_FIRM (FIRM_NAME, FIRM_CODE) VALUES ('AAAG', 'AAAG');
INSERT INTO T_FIRM (FIRM_NAME, FIRM_CODE) VALUES ('AAAH', 'AAAH');
INSERT INTO T_FIRM (FIRM_NAME, FIRM_CODE) VALUES ('AAAI', 'AAAI');
INSERT INTO T_FIRM (FIRM_NAME, FIRM_CODE) VALUES ('AAAJ', 'AAAJ');
INSERT INTO T_FIRM (FIRM_NAME, FIRM_CODE) VALUES ('AAAK', 'AAAK');
INSERT INTO T_FIRM (FIRM_NAME, FIRM_CODE) VALUES ('AAAL', 'AAAL');
INSERT INTO T_FIRM (FIRM_NAME, FIRM_CODE) VALUES ('AAAM', 'AAAM');

--测试的产品
CREATE TABLE T_PRODUCT(
PROD_CODE VARCHAR2(12) NOT NULL,
PROD_NAME VARCHAR2(60),
FIRM_NAME CHAR(4) NOT NULL,
FIRM_CODE CHAR(4) NOT NULL,
DEVICE_MODE CHAR(1)
);

INSERT INTO T_PRODUCT VALUES ('1111', '1111' ,'AAAM', 'AAAM', '1');